Keyword,Exclude
other than salmon,yes
repealed,yes
revoked,yes
Salmon Arm,yes
Little River,yes
Yukon Territory,yes
rockfish,yes
eulachon,yes
smelt,yes
crab,yes
shrimp,yes
octopus,yes
Salmon River,yes
Morne,yes
Breton,yes
Newfoundland,yes
Atlantic,yes
fund,yes
Manitoba,yes
Ontario,yes
Brunswick,yes
Alberta,yes
Saskatchewan,yes
Quebec,yes
Scotia,yes
tree,yes
fund,yes
board,yes
whereas,yes
excellency,yes
Yoho,yes
thence,yes
waterton,yes
liability,yes
His Excellency,yes
sturgeon,yes
largemouth,yes
smallmouth,yes
bass,yes
cited,yes
